pick,season,round,Team Abbr,gsis_id,pfr_player_id,cfb_player_id,pfr_player_name,hof,position,category,side,college,age,to,allpro,probowls,seasons_started,w_av,car_av,dr_av,games,pass_completions,pass_attempts,pass_yards,pass_tds,pass_ints,rush_atts,rush_yards,rush_tds,receptions,rec_yards,rec_tds,def_solo_tackles,def_ints,def_sacks,Logo Path
1,8037,4,CLEHOUHOUCLE,00-003136400-0033868,BrowCo22WillMa22ClowJa00GarrMy00,courtney-brown-1mario-williams-1jadeveon-clowney-1myles-garrett-1,Courtney BrownMario WilliamsJadeveon ClowneyMyles Garrett,0,DEDEDEDE,DLDLDLDL,DDDD,Penn St.North Carolina St.South CarolinaTexas A&M,85.0,8067.0,4,12,27,244.0,0.0,174.0,445.0,0.0,0.0,0.0,0.0,0.0,0.0,0.0,0.0,0.0,0.0,0.0,931.0,1.0,257.5,logos/CLE.tiflogos/HOU.tiflogos/HOU.tiflogos/CLE.tif
2,8039,4,CARSTLDETSF,00-002114000-002614200-002785500-0035717,PeppJu99LongCh99SuhxNd99BosaNi00,julius-peppers-1chris-long-1ndamukong-suh-1nick-bosa-1,Julius PeppersChris LongNdamukong SuhNick Bosa,0,DEDEDTDE,DLDLDLDL,DDDD,North CarolinaVirginiaNebraskaOhio St.,89.0,8081.0,7,18,37,328.0,0.0,224.0,695.0,0.0,0.0,0.0,0.0,0.0,0.0,0.0,0.0,0.0,0.0,0.0,1351.0,13.0,354.5,logos/CAR.tiflogos/STL.tiflogos/DET.tiflogos/SF.tif
3,12066,6,CLEKCTBBUFSDNYJ,00-002785600-002794100-003315600-0035718,WarrGe20JackTy98McCoGe99DareMa00BosaJo00WillQu00,tyson-jackson-1gerald-mccoy-1marcell-dareus-1joey-bosa-1quinnen-williams-1,Gerard WarrenTyson JacksonGerald McCoyMarcell DareusJoey BosaQuinnen Williams,0,DTDEDTDTDEDT,DLDLDLDLDLDL,DDDDDD,FloridaLSUOklahomaAlabamaOhio St.Alabama,131.0,12113.0,3,14,43,302.0,0.0,254.0,713.0,0.0,0.0,0.0,0.0,0.0,0.0,0.0,0.0,0.0,0.0,0.0,1302.0,1.0,242.5,logos/CLE.tiflogos/KC.tiflogos/TB.tiflogos/BUF.tiflogos/SD.tiflogos/NYJ.tif
4,4004,2,CINNYJ,0,SmitJu20RobeDe20,0,Justin SmithDewayne Robertson,0,DEDT,DLDL,DD,MissouriKentucky,42.0,4022.0,1,5,20,135.0,0.0,58.0,313.0,0.0,0.0,0.0,0.0,0.0,0.0,0.0,0.0,0.0,0.0,0.0,810.0,3.0,103.0,logos/CIN.tiflogos/NYJ.tif
5,4021,2,KCDET,00-0030059,DorsGl99AnsaEz00,glenn-dorsey-1ezekiel-ansah-1,Glenn DorseyEzekiel Ansah,0,DTDE,DLDL,DD,LSUBYU,47.0,4036.0,0,1,12,76.0,0.0,63.0,197.0,0.0,0.0,0.0,0.0,0.0,0.0,0.0,0.0,0.0,0.0,0.0,397.0,0.0,57.5,logos/KC.tiflogos/DET.tif
6,8018,4,PHINEKCNYJ,00-0031933,SimoCo00SeymRi00SimsRy20WillLe02,corey-simon-1leonard-williams-1,Corey SimonRichard SeymourRyan SimsLeonard Williams,1,DTDEDTDE,DLDLDLDL,DDDD,Florida St.GeorgiaNorth CarolinaUSC,87.0,8052.0,3,9,27,214.0,0.0,158.0,506.0,0.0,0.0,0.0,0.0,0.0,0.0,0.0,0.0,0.0,0.0,0.0,896.0,4.0,141.5,logos/PHI.tiflogos/NE.tiflogos/KC.tiflogos/NYJ.tif
7,10056,5,SFNOSFSFCAR,00-002794500-003237800-0036220,CartAn20ElliSe99SmitAl04BuckDe00BrowDe05,andre-carter-1sedrick-ellis-1aldon-smith-1deforest-buckner-1derrick-brown-6,Andre CarterSedrick EllisAldon SmithDeForest BucknerDerrick Brown,0,DEDTDEDEDT,DLDLDLDLDL,DDDDD,CaliforniaUSCMissouriOregonAuburn,110.0,10091.0,2,6,29,217.0,0.0,134.0,524.0,0.0,0.0,0.0,0.0,0.0,0.0,0.0,0.0,0.0,0.0,0.0,1126.0,3.0,214.5,logos/SF.tiflogos/NO.tiflogos/SF.tiflogos/SF.tiflogos/CAR.tif
8,2007,1,ATL,0,AndeJa98,jamaal-anderson-1,Jamaal Anderson,0,DE,DL,D,Arkansas,21.0,2012.0,0,0,3,20.0,0.0,19.0,77.0,0.0,0.0,0.0,0.0,0.0,0.0,0.0,0.0,0.0,0.0,0.0,96.0,0.0,7.5,logos/ATL.tif
9,8033,4,JAXMINGBBUF,00-0035230,HendJo99WillKe98RajiBJ99OlivEd00,john-henderson-1bj-raji-1ed-oliver-2,John HendersonKevin WilliamsB.J. RajiEd Oliver,0,DTDTDTDT,DLDLDLDL,DDDD,TennesseeOklahoma St.Boston Col.Houston,90.0,8064.0,5,9,28,236.0,0.0,230.0,518.0,0.0,0.0,0.0,0.0,0.0,1.0,1.0,1.0,0.0,0.0,0.0,985.0,6.0,127.0,logos/JAX.tiflogos/MIN.tiflogos/GB.tiflogos/BUF.tif
10,4017,2,HOUJAX,00-0027862,OkoyAm99AluaTy99,amobi-okoye-1tyson-alualu-1,Amobi OkoyeTyson Alualu,0,DTDT,DLDL,DD,LouisvilleCalifornia,43.0,4035.0,0,0,11,69.0,0.0,54.0,280.0,0.0,0.0,0.0,0.0,0.0,1.0,0.0,0.0,2.0,19.0,0.0,380.0,0.0,41.0,logos/HOU.tiflogos/JAX.tif
11,6025,3,INDHOUKC,00-002794900-0029688,FreeDw00WattJ.00PoexDo00,dwight-freeney-1jj-watt-1dontari-poe-1,Dwight FreeneyJ.J. WattDontari Poe,0,DEDEDT,DLDLDL,DDD,SyracuseWisconsinMemphis,66.0,6059.0,8,14,29,246.0,0.0,223.0,497.0,1.0,1.0,2.0,1.0,0.0,2.0,2.0,2.0,3.0,4.0,3.0,953.0,2.0,260.5,logos/IND.tiflogos/HOU.tiflogos/KC.tif
12,14068,7,NYJSTLBALPHICLENOTB,00-002422700-002965300-003214300-003275900-0034773,ElliSh00LewiDa20NgatHa20CoxxFl00ShelDa01RankSh00VeaxVi00,haloti-ngata-1fletcher-cox-1danny-shelton-1sheldon-rankins-1vita-vea-1,Shaun EllisDamione LewisHaloti NgataFletcher CoxDanny SheltonSheldon RankinsVita Vea,0,DEDTDTDTNTDTDT,DLDLDLDLDLDLDL,DDDDDDD,TennesseeMiami (FL)OregonMississippi St.WashingtonLouisvilleWashington,156.0,14130.0,3,14,48,397.0,0.0,335.0,982.0,0.0,0.0,0.0,0.0,0.0,0.0,0.0,0.0,1.0,1.0,1.0,1687.0,7.0,258.5,logos/NYJ.tiflogos/STL.tiflogos/BAL.tiflogos/PHI.tiflogos/CLE.tiflogos/NO.tiflogos/TB.tif
13,22102,11,NYJJAXNECLESTLPHIDETNYJSTLWASMIA,00-002786500-003057300-003138800-003433300-0035231,AbraJo00StroMa01WarrTy20WimbKa20CarrAd99GrahBr99FairNi00RichSh00DonaAa00PaynDa00WilkCh00,kamerion-wimbley-1adam-carriker-1brandon-graham-1nick-fairley-1sheldon-richardson-1aaron-donald-1daron-payne-1christian-wilkins-1,John AbrahamMarcus StroudTy WarrenKamerion WimbleyAdam CarrikerBrandon GrahamNick FairleySheldon RichardsonAaron DonaldDaron PayneChristian Wilkins,0,DEDTDEDEDEDEDTDTDTDTDT,DLDLDLDLDLDLDLDLDLDLDL,DDDDDDDDDDD,South CarolinaGeorgiaTexas A&MFlorida St.NebraskaMichiganAuburnMissouriPittsburghAlabamaClemson,246.0,22191.0,10,21,73,613.0,0.0,473.0,1392.0,0.0,0.0,0.0,0.0,0.0,4.0,4.0,2.0,2.0,2.0,2.0,2930.0,6.0,534.5,logos/NYJ.tiflogos/JAX.tiflogos/NE.tiflogos/CLE.tiflogos/STL.tiflogos/PHI.tiflogos/DET.tiflogos/NYJ.tiflogos/STL.tiflogos/WAS.tiflogos/MIA.tif
14,12063,6,CHIPHISTLSTLCARPHI,00-002795200-002963000-003045500-0033876,HarrTo99BunkBr20QuinRo00BrocMi00LotuSt00BarnDe01,tommie-harris-1brodrick-bunkley-1robert-quinn-1michael-brockers-1star-lotulelei-1derek-barnett-2,Tommie HarrisBrodrick BunkleyRobert QuinnMichael BrockersStar LotuleleiDerek Barnett,0,DTDTDEDTDTDE,DLDLDLDLDLDL,DDDDDD,OklahomaFlorida St.North CarolinaLSUUtahTennessee,129.0,12113.0,1,6,42,295.0,0.0,226.0,774.0,0.0,0.0,0.0,0.0,0.0,0.0,0.0,0.0,0.0,0.0,0.0,1141.0,2.0,211.5,logos/CHI.tiflogos/PHI.tiflogos/STL.tiflogos/STL.tiflogos/CAR.tiflogos/PHI.tif
15,6024,3,TENNYGSEA,00-002786700-0029193,HaynAl20PierJa99IrviBr00,jason-pierre-paul-1bruce-irvin-1,Albert HaynesworthJason Pierre-PaulBruce Irvin,0,DTDEDE,DLDLDL,DDD,TennesseeSouth FloridaWest Virginia,66.0,6057.0,3,5,24,171.0,0.0,116.0,445.0,0.0,0.0,0.0,0.0,0.0,0.0,0.0,0.0,0.0,0.0,0.0,953.0,8.0,181.5,logos/TEN.tiflogos/NYG.tiflogos/SEA.tif
16,8045,4,HOUTENWASCAR,00-002786800-002795400-0035713,JohnTr20MorgDe99KerrRy00BurnBr00,derrick-morgan-1ryan-kerrigan-1brian-burns-2,Travis JohnsonDerrick MorganRyan KerriganBrian Burns,0,DTDEDEDE,DLDLDLDL,DDDD,Florida St.Georgia TechPurdueFlorida St.,88.0,8072.0,0,6,23,156.0,0.0,153.0,446.0,0.0,0.0,0.0,0.0,0.0,0.0,0.0,0.0,0.0,0.0,0.0,801.0,4.0,189.0,logos/HOU.tiflogos/TEN.tiflogos/WAS.tiflogos/CAR.tif
17,6051,3,SFWASNYG,00-003216400-003352300-0035683,ArmsAr01AlleJo01LawrDe03,arik-armstead-1jonathan-allen-1dexter-lawrence-1,Arik ArmsteadJonathan AllenDexter Lawrence,0,DTDEDT,DLDLDL,DDD,OregonAlabamaClemson,64.0,6069.0,0,4,13,133.0,0.0,133.0,297.0,0.0,0.0,0.0,0.0,0.0,0.0,0.0,0.0,0.0,0.0,0.0,550.0,1.0,93.5,logos/SF.tiflogos/WAS.tiflogos/NYG.tif
18,10039,5,ARINODENSDSD,00-002795600-0029249,PaceCa20SmitWi99AyerRo99LiugCo00IngrMe00,will-smith-1robert-ayers-1corey-liuget-1melvin-ingram-1,Calvin PaceWill SmithRobert AyersCorey LiugetMelvin Ingram,0,DEDEDEDTDE,DLDLDLDLDL,DDDDD,Wake ForestOhio St.TennesseeIllinoisSouth Carolina,113.0,10087.0,0,4,35,239.0,0.0,171.0,718.0,0.0,0.0,0.0,0.0,0.0,1.0,0.0,0.0,0.0,0.0,0.0,1508.0,8.0,246.5,logos/ARI.tiflogos/NO.tiflogos/DEN.tiflogos/SD.tiflogos/SD.tif
19,6032,3,PITCHITEN,00-0035643,HampCa00McClSh00SimmJe01,casey-hampton-1shea-mcclellin-1jeffery-simmons-1,Casey HamptonShea McClellinJeffery Simmons,0,NTDEDT,DLDLDL,DDD,TexasBoise St.Mississippi St.,69.0,6051.0,0,7,18,132.0,0.0,128.0,307.0,0.0,0.0,0.0,0.0,0.0,0.0,0.0,0.0,1.0,2.0,1.0,484.0,0.0,44.0,logos/PIT.tiflogos/CHI.tiflogos/TEN.tif
20,6015,3,MINDALKC,0,UdezKe20SpeaMa21HaliTa20,kenechi-udeze-1marcus-spears-1tamba-hali-1,Kenechi UdezeMarcus SpearsTamba Hali,0,DEDEDE,DLDLDL,DDD,USCLSUPenn St.,65.0,6037.0,0,5,19,131.0,0.0,130.0,352.0,0.0,0.0,0.0,0.0,0.0,0.0,0.0,0.0,0.0,0.0,0.0,689.0,2.0,110.5,logos/MIN.tiflogos/DAL.tiflogos/KC.tif
21,4016,2,NENE,00-0029585,WilfVi20JoneCh03,vince-wilfork-1chandler-jones-2,Vince WilforkChandler Jones,0,NTDE,DLDL,DD,Miami (FL)Syracuse,44.0,4038.0,3,9,21,167.0,0.0,106.0,343.0,0.0,0.0,0.0,0.0,0.0,0.0,0.0,0.0,0.0,0.0,0.0,719.0,4.0,128.0,logos/NE.tiflogos/NE.tif
22,4008,2,NYJSF,0,ThomBr21LawsMa20,bryan-thomas-1manny-lawson-1,Bryan ThomasManny Lawson,0,DEDE,DLDL,DD,Ala-BirminghamNorth Carolina St.,45.0,4027.0,0,0,14,96.0,0.0,72.0,300.0,0.0,0.0,0.0,0.0,0.0,0.0,0.0,0.0,0.0,0.0,0.0,681.0,4.0,58.0,logos/NYJ.tiflogos/SF.tif
24,2011,1,NO,00-0027962,JordCa00,cameron-jordan-1,Cameron Jordan,0,DE,DL,D,California,22.0,2023.0,1,8,12,103.0,0.0,103.0,209.0,0.0,0.0,0.0,0.0,0.0,0.0,0.0,0.0,0.0,0.0,0.0,444.0,2.0,117.5,logos/NO.tif
25,4002,2,MINNO,0,HovaCh20GranCh21,charles-grant-1,Chris HovanCharles Grant,0,DTDE,DLDL,DD,Boston Col.Georgia,46.0,4018.0,0,0,17,102.0,0.0,69.0,274.0,0.0,0.0,0.0,0.0,0.0,0.0,0.0,0.0,0.0,0.0,0.0,644.0,1.0,69.0,logos/MIN.tiflogos/NO.tif
26,8048,4,DALARIHOUWAS,00-002964300-0035647,SpenAn99WillDa99MercWh00SweaMo00,anthony-spencer-1dan-williams-2whitney-mercilus-1montez-sweat-1,Anthony SpencerDan WilliamsWhitney MercilusMontez Sweat,0,DEDTDEDE,DLDLDLDL,DDDD,PurdueTennesseeIllinoisMississippi St.,91.0,8074.0,0,2,21,148.0,0.0,132.0,420.0,0.0,0.0,0.0,0.0,0.0,0.0,0.0,0.0,0.0,0.0,0.0,800.0,5.0,136.0,logos/DAL.tiflogos/ARI.tiflogos/HOU.tiflogos/WAS.tif
27,2016,1,GB,00-0033120,ClarKe01,kenneth-clark-1,Kenny Clark,0,DT,DL,D,UCLA,20.0,2023.0,0,3,6,54.0,0.0,54.0,123.0,0.0,0.0,0.0,0.0,0.0,0.0,0.0,0.0,0.0,0.0,0.0,216.0,0.0,34.0,logos/GB.tif
28,8040,4,SDMIAGBDEN,00-002940800-0030577,CastLu20OdriJa99PerrNi00WillSy00,jared-odrick-1nick-perry-1sylvester-williams-1,Luis CastilloJared OdrickNick PerrySylvester Williams,0,DEDEDEDT,DLDLDLDL,DDDD,NorthwesternPenn St.USCNorth Carolina,90.0,8065.0,0,0,16,113.0,0.0,97.0,352.0,0.0,0.0,0.0,0.0,0.0,0.0,0.0,0.0,0.0,0.0,0.0,519.0,4.0,79.5,logos/SD.tiflogos/MIA.tiflogos/GB.tiflogos/DEN.tif
29,4019,2,STLJAX,00-0034842,PickRy20BryaTa00,taven-bryan-1,Ryan PickettTaven Bryan,0,DTDT,DLDL,DD,Ohio St.Florida,43.0,4037.0,0,0,16,77.0,0.0,32.0,303.0,0.0,0.0,0.0,0.0,0.0,0.0,0.0,0.0,0.0,0.0,0.0,460.0,0.0,20.0,logos/STL.tiflogos/JAX.tif
30,2011,1,NYJ,00-0027968,WilkMu00,muhammad-wilkerson-1,Muhammad Wilkerson,0,DT,DL,D,Temple,21.0,2018.0,0,1,7,58.0,0.0,58.0,108.0,0.0,0.0,0.0,0.0,0.0,0.0,0.0,0.0,0.0,0.0,0.0,245.0,2.0,44.5,logos/NYJ.tif
31,6026,3,PHIINDPIT,00-002788100-0027969,PattMi20HughJe99HeywCa01,mike-patterson-1jerry-hughes-1cameron-heyward-1,Mike PattersonJerry HughesCameron Heyward,0,DTDEDE,DLDLDL,DDD,USCTCUOhio St.,66.0,6060.0,3,6,25,214.0,0.0,145.0,559.0,0.0,0.0,0.0,0.0,0.0,0.0,0.0,0.0,0.0,0.0,0.0,1011.0,5.0,167.0,logos/PHI.tiflogos/IND.tiflogos/PIT.tif
32,10049,6,OAKNYGPITNECLE,00-002700800-003226100-0033073,BrayTy20KiwaMa20HoodEv99BrowMa01OgbaEm00,tyler-brayton-1mathias-kiwanuka-1evander-hood-1malcom-brown-1emmanuel-ogbah-1,Tyler BraytonMathias KiwanukaEvander HoodMalcom BrownEmmanuel Ogbah,0,DEDEDEDTDE,DLDLDLDLDL,DDDDD,ColoradoBoston Col.MissouriTexasOklahoma St.,111.0,10087.0,0,0,27,192.0,0.0,123.0,616.0,0.0,0.0,0.0,0.0,0.0,0.0,0.0,0.0,0.0,0.0,0.0,1012.0,5.0,126.0,logos/OAK.tiflogos/NYG.tiflogos/PIT.tiflogos/NE.tiflogos/CLE.tif
33,4007,4,NOARI,0,HowaDa21BranAl99,darren-howard-1alan-branch-1,Darren HowardAlan Branch,0,DEDT,DLDL,DD,Kansas St.Michigan,45.0,4026.0,0,0,12,84.0,0.0,35.0,291.0,0.0,0.0,0.0,0.0,0.0,0.0,0.0,0.0,0.0,0.0,0.0,459.0,3.0,77.5,logos/NO.tiflogos/ARI.tif
34,4015,4,ARIDAL,00-0031411,VandKy99LawrDe00,demarcus-lawrence-1,Kyle Vanden BoschDeMarcus Lawrence,0,DEDE,DLDL,DD,NebraskaBoise St.,44.0,4035.0,0,7,15,125.0,0.0,74.0,289.0,0.0,0.0,0.0,0.0,0.0,0.0,0.0,0.0,0.0,0.0,0.0,614.0,2.0,116.5,logos/ARI.tiflogos/DAL.tif
35,4004,4,SFSD,0,EngeJo20OlshIg20,john-engelberger-1igor-olshansky-1,John EngelbergerIgor Olshansky,0,DEDE,DLDL,DD,Virginia TechOregon,45.0,4019.0,0,0,12,70.0,0.0,51.0,254.0,0.0,0.0,0.0,0.0,0.0,0.0,0.0,0.0,0.0,0.0,0.0,377.0,1.0,33.0,logos/SF.tiflogos/SD.tif
36,2012,2,DEN,00-0029586,WolfDe00,derek-wolfe-1,Derek Wolfe,0,DT,DL,D,Cincinnati,22.0,2020.0,0,0,9,48.0,0.0,45.0,122.0,0.0,0.0,0.0,0.0,0.0,0.0,0.0,0.0,0.0,0.0,0.0,225.0,1.0,34.0,logos/DEN.tif
37,6032,6,DETCLEKC,00-002797500-0032762,CodySh20SheaJa00JoneCh09,shaun-cody-1jabaal-sheard-1chris-jones-8,Shaun CodyJabaal SheardChris Jones,0,DTDEDT,DLDLDL,DDD,USCPittsburghMississippi St.,66.0,6056.0,2,5,18,152.0,0.0,104.0,380.0,0.0,0.0,0.0,0.0,0.0,0.0,0.0,0.0,0.0,0.0,0.0,584.0,3.0,131.5,logos/DET.tiflogos/CLE.tiflogos/KC.tif
38,2015,2,WAS,00-0031935,SmitPr00,preston-smith-2,Preston Smith,0,DE,DL,D,Mississippi St.,22.0,2023.0,0,0,7,53.0,0.0,22.0,146.0,0.0,0.0,0.0,0.0,0.0,0.0,0.0,0.0,0.0,0.0,0.0,263.0,5.0,66.0,logos/WAS.tif
39,2015,2,CHI,00-0031551,GoldEd00,eddie-goldman-1,Eddie Goldman,0,DT,DL,D,Florida St.,21.0,2021.0,0,0,4,32.0,0.0,32.0,81.0,0.0,0.0,0.0,0.0,0.0,0.0,0.0,0.0,0.0,0.0,0.0,116.0,0.0,13.0,logos/CHI.tif
41,2011,2,WAS,00-0027979,JenkJa01,jarvis-jenkins-1,Jarvis Jenkins,0,DT,DL,D,Clemson,23.0,2018.0,0,0,3,23.0,0.0,13.0,98.0,0.0,0.0,0.0,0.0,0.0,0.0,0.0,0.0,0.0,0.0,0.0,87.0,0.0,7.0,logos/WAS.tif
42,6006,6,NYGINDTEN,0,GrifCo20TripLa20LaBoTr20,travis-laboy-1,Cornelius GriffinLarry TripplettTravis LaBoy,0,DTDTDE,DLDLDL,DDD,AlabamaWashingtonHawaii,69.0,6027.0,0,0,16,106.0,0.0,44.0,333.0,0.0,0.0,0.0,0.0,0.0,0.0,0.0,0.0,0.0,0.0,0.0,634.0,4.0,67.0,logos/NYG.tiflogos/IND.tiflogos/TEN.tif
44,6024,6,CAROAKCAR,00-0030448,JenkKr00HousLa99ShorKa00,lamarr-houston-1kawann-short-1,Kris JenkinsLamarr HoustonKawann Short,0,DTDEDT,DLDLDL,DDD,MarylandTexasPurdue,69.0,6047.0,2,6,16,140.0,0.0,120.0,307.0,0.0,0.0,0.0,0.0,0.0,0.0,0.0,0.0,0.0,0.0,0.0,618.0,1.0,87.0,logos/CAR.tiflogos/OAK.tiflogos/CAR.tif
46,14062,14,BUFMIAPITHOUNYGPITDET,00-002702200-002788500-003141200-0032889,SchoAa99RothMa20WoodLa99BarwCo99JoseLi99TuitSt00RobiAS00,aaron-schobel-1lamarr-woodley-1connor-barwin-1linval-joseph-1stephon-tuitt-1ashawn-robinson-1,Aaron SchobelMatt RothLaMarr WoodleyConnor BarwinLinval JosephStephon TuittA'Shawn Robinson,0,DEDEDEDEDTDEDT,DLDLDLDLDLDLDL,DDDDDDD,TCUIowaMichiganCincinnatiEast CarolinaNotre DameAlabama,153.0,14119.0,0,6,48,335.0,0.0,213.0,868.0,0.0,0.0,0.0,0.0,0.0,0.0,0.0,0.0,0.0,0.0,0.0,1833.0,11.0,284.0,logos/BUF.tiflogos/MIA.tiflogos/PIT.tiflogos/HOU.tiflogos/NYG.tiflogos/PIT.tiflogos/DET.tif
48,4017,4,BUFBAL,00-0031170,KelsCh21JernTi00,timmy-jernigan-1,Chris KelsayTimmy Jernigan,0,DEDT,DLDL,DD,NebraskaFlorida St.,44.0,4032.0,0,0,12,71.0,0.0,60.0,223.0,0.0,0.0,0.0,0.0,0.0,0.0,0.0,0.0,0.0,0.0,0.0,363.0,4.0,50.0,logos/BUF.tiflogos/BAL.tif
49,6041,6,SDNYGSEA,00-002925600-003006300-0032387,ReyeKe00HankJo00ReedJa02,kendall-reyes-1johnathan-hankins-1jarran-reed-1,Kendall ReyesJohnathan HankinsJarran Reed,0,DTDTDT,DLDLDL,DDD,ConnecticutOhio St.Alabama,66.0,6062.0,0,0,17,113.0,0.0,71.0,350.0,0.0,0.0,0.0,0.0,0.0,0.0,0.0,0.0,0.0,0.0,0.0,499.0,1.0,66.0,logos/SD.tiflogos/NYG.tiflogos/SEA.tif
50,2008,2,ARI,00-0026190,CampCa99,calais-campbell-1,Calais Campbell,0,DE,DL,D,Miami (FL),22.0,2023.0,1,6,14,109.0,0.0,60.0,244.0,0.0,0.0,0.0,0.0,0.0,0.0,0.0,0.0,0.0,0.0,0.0,616.0,3.0,105.5,logos/ARI.tif
51,2004,2,BAL,0,EdwaDw20,0,Dwan Edwards,0,DT,DL,D,Oregon St.,23.0,2015.0,0,0,5,32.0,0.0,15.0,136.0,0.0,0.0,0.0,0.0,0.0,0.0,0.0,0.0,0.0,0.0,0.0,221.0,3.0,19.5,logos/BAL.tif
52,4017,4,BALMIA,00-0031557,WeavAn20PhilJo01,anthony-weaver-1jordan-phillips-1,Anthony WeaverJordan Phillips,0,DENT,DLDL,DD,Notre DameOklahoma,44.0,4031.0,0,0,10,72.0,0.0,37.0,223.0,0.0,0.0,0.0,0.0,0.0,0.0,0.0,0.0,0.0,0.0,0.0,328.0,4.0,39.5,logos/BAL.tiflogos/MIA.tif
53,2011,2,CHI,0,PaeaSt00,stephen-paea-1,Stephen Paea,0,DT,DL,D,Oregon St.,23.0,2017.0,0,0,3,19.0,0.0,15.0,83.0,0.0,0.0,0.0,0.0,0.0,0.0,0.0,0.0,0.0,0.0,0.0,76.0,0.0,14.0,logos/CHI.tif
54,4018,4,TENCIN,00-0027662,JoneJa99DunlCa99,jason-jones-1carlos-dunlap-1,Jason JonesCarlos Dunlap,0,DEDE,DLDL,DD,Eastern MichiganFlorida,43.0,4038.0,0,2,11,99.0,0.0,76.0,306.0,0.0,0.0,0.0,0.0,0.0,0.0,0.0,0.0,0.0,0.0,0.0,539.0,2.0,131.5,logos/TEN.tiflogos/CIN.tif
55,4017,4,MINNYG,00-0033546,RobbFr20TomlDa00,dalvin-tomlinson-1,Fred RobbinsDalvin Tomlinson,0,DTDT,DLDL,DD,Wake ForestAlabama,46.0,4034.0,0,0,16,92.0,0.0,33.0,289.0,0.0,0.0,0.0,0.0,0.0,0.0,0.0,0.0,0.0,0.0,0.0,427.0,3.0,51.5,logos/MIN.tiflogos/NYG.tif
56,6032,6,NYGINDMIA,00-0036213,UmenOs99MoalFi99DaviRa03,fili-moala-1raekwon-davis-1,Osi UmenyioraFili MoalaRaekwon Davis,0,DEDTDT,DLDLDL,DDD,TroyUSCAlabama,68.0,6050.0,1,2,12,104.0,0.0,98.0,288.0,0.0,0.0,0.0,0.0,0.0,0.0,0.0,0.0,0.0,0.0,0.0,424.0,1.0,90.5,logos/NYG.tiflogos/IND.tiflogos/MIA.tif
57,6016,6,SFTENBAL,0,AdamAn20OdomAn20KrugPa99,paul-kruger-1,Anthony AdamsAntwan OdomPaul Kruger,0,DTDEDE,DLDLDL,DDD,Penn St.AlabamaUtah,68.0,6037.0,0,0,12,86.0,0.0,36.0,309.0,0.0,0.0,0.0,0.0,0.0,0.0,0.0,0.0,0.0,0.0,0.0,456.0,2.0,69.0,logos/SF.tiflogos/TEN.tiflogos/BAL.tif
58,2015,2,ARI,00-0032127,GoldMa00,markus-golden-1,Markus Golden,0,DE,DL,D,Missouri,24.0,2023.0,0,0,4,33.0,0.0,23.0,127.0,0.0,0.0,0.0,0.0,0.0,0.0,0.0,0.0,0.0,0.0,0.0,220.0,1.0,51.0,logos/ARI.tif
59,2005,2,ATL,0,BabiJo20,jonathan-babineaux-1,Jonathan Babineaux,0,DE,DL,D,Iowa,23.0,2016.0,0,0,10,52.0,0.0,52.0,185.0,0.0,0.0,0.0,0.0,0.0,0.0,0.0,0.0,0.0,0.0,0.0,291.0,4.0,27.0,logos/ATL.tif
61,2001,2,DET,0,RogeSh99,0,Shaun Rogers,0,DT,DL,D,Texas,22.0,2013.0,0,3,8,57.0,0.0,40.0,163.0,0.0,0.0,0.0,0.0,0.0,0.0,0.0,0.0,0.0,0.0,0.0,374.0,1.0,37.5,logos/DET.tif
62,2009,2,TEN,0,MarkSe99,senderrick-marks-1,Sen'Derrick Marks,0,DT,DL,D,Auburn,22.0,2016.0,0,0,4,27.0,0.0,11.0,103.0,0.0,0.0,0.0,0.0,0.0,0.0,0.0,0.0,0.0,0.0,0.0,150.0,1.0,19.0,logos/TEN.tif
63,6032,7,PHISEADEN,00-003221000-0033064,BurgDe99ClarFr01GotsAd00,derrick-burgess-1frank-clark-1adam-gotsis-1,Derrick BurgessFrank ClarkAdam Gotsis,0,DEDEDT,DLDLDL,DDD,MississippiMichiganGeorgia Tech,68.0,6056.0,0,5,13,116.0,0.0,43.0,351.0,0.0,0.0,0.0,0.0,0.0,0.0,0.0,0.0,0.0,0.0,0.0,534.0,2.0,121.0,logos/PHI.tiflogos/SEA.tiflogos/DEN.tif
64,2004,3,ARI,0,DockDa20,darnell-dockett-1,Darnell Dockett,0,DT,DL,D,Florida St.,23.0,2013.0,0,3,10,69.0,0.0,69.0,158.0,0.0,0.0,0.0,0.0,0.0,0.0,0.0,0.0,0.0,0.0,0.0,358.0,4.0,40.5,logos/ARI.tif
65,4036,6,CLEARI,00-003390500-0035248,OgunLa00AlleZa01,larry-ogunjobi-1zach-allen-5,Larry OgunjobiZach Allen,0,DTDE,DLDL,DD,CharlotteBoston Col.,45.0,4046.0,0,0,8,61.0,0.0,36.0,171.0,0.0,0.0,0.0,0.0,0.0,0.0,0.0,0.0,0.0,0.0,0.0,289.0,1.0,42.5,logos/CLE.tiflogos/ARI.tif
66,6029,9,DETMIANYG,00-002620600-0034360,ReddCo20LangKe98CartLo01,cory-redding-1lorenzo-carter-1,Cory ReddingKendall LangfordLorenzo Carter,0,DEDEDE,DLDLDL,DDD,TexasHamptonGeorgia,66.0,6055.0,0,0,22,124.0,0.0,64.0,407.0,0.0,0.0,0.0,0.0,0.0,0.0,0.0,0.0,0.0,0.0,0.0,664.0,4.0,79.5,logos/DET.tiflogos/MIA.tiflogos/NYG.tif
67,4029,6,PHIDAL,00-003050700-0033131,LogaBe00CollMa00,bennie-logan-1maliek-collins-1,Bennie LoganMaliek Collins,0,DTDT,DLDL,DD,LSUNebraska,44.0,4041.0,0,0,12,72.0,0.0,46.0,208.0,0.0,0.0,0.0,0.0,0.0,0.0,0.0,0.0,0.0,0.0,0.0,287.0,1.0,32.5,logos/PHI.tiflogos/DAL.tif
69,4034,6,JAXNYG,00-003312300-0034800,NgakYa00HillB.00,yannick-ngakoue-1bj-hill-3,Yannick NgakoueB.J. Hill,0,DEDT,DLDL,DD,MarylandNorth Carolina St.,44.0,4046.0,0,1,10,77.0,0.0,40.0,220.0,0.0,0.0,0.0,0.0,0.0,0.0,0.0,0.0,0.0,0.0,0.0,323.0,4.0,89.5,logos/JAX.tiflogos/NYG.tif
70,2009,3,CIN,00-0027044,JohnMi98,michael-johnson-2,Michael Johnson,0,DE,DL,D,Georgia Tech,22.0,2018.0,0,0,8,54.0,0.0,50.0,155.0,0.0,0.0,0.0,0.0,0.0,0.0,0.0,0.0,0.0,0.0,0.0,268.0,4.0,44.5,logos/CIN.tif
71,8019,12,ARITENPHIOAK,0,WalkDa21StarRa20GocoCh99ShauMa99,matt-shaughnessy-1,Darwin WalkerRandy StarksChris GocongMatt Shaughnessy,0,DTDTDEDE,DLDLDLDL,DDDD,TennesseeMarylandCal Poly-San Luis ObispoWisconsin,87.0,8048.0,0,2,21,150.0,0.0,38.0,449.0,0.0,0.0,0.0,0.0,0.0,0.0,0.0,0.0,0.0,0.0,0.0,838.0,5.0,98.5,logos/ARI.tiflogos/TEN.tiflogos/PHI.tiflogos/OAK.tif
72,4009,6,PITJAX,0,ClanKe20KnigTe99,terrance-knighton-1,Kendrick ClancyTerrance Knighton,0,DTDT,DLDL,DD,MississippiTemple,44.0,4024.0,0,0,9,61.0,0.0,24.0,217.0,0.0,0.0,0.0,0.0,0.0,0.0,0.0,0.0,0.0,0.0,0.0,274.0,3.0,19.5,logos/PIT.tiflogos/JAX.tif
74,4022,6,NYGBAL,00-0033913,TuckJu20WormCh00,chris-wormley-1,Justin TuckChris Wormley,0,DEDE,DLDL,DD,Notre DameMichigan,45.0,4038.0,1,2,10,82.0,0.0,67.0,232.0,0.0,0.0,0.0,0.0,0.0,0.0,0.0,0.0,0.0,0.0,0.0,435.0,3.0,77.5,logos/NYG.tiflogos/BAL.tif
75,2018,3,KC,00-0034818,NnadDe00,derrick-nnadi-1,Derrick Nnadi,0,DT,DL,D,Florida St.,22.0,2023.0,0,0,4,33.0,0.0,33.0,98.0,0.0,0.0,0.0,0.0,0.0,0.0,0.0,0.0,0.0,0.0,0.0,106.0,1.0,5.0,logos/KC.tif
76,2001,3,BUF,0,EdwaRo20,0,Ron Edwards,0,DT,DL,D,Texas A&M,22.0,2012.0,0,0,6,37.0,0.0,10.0,139.0,0.0,0.0,0.0,0.0,0.0,0.0,0.0,0.0,0.0,0.0,0.0,146.0,0.0,16.5,logos/BUF.tif
77,6037,9,CINTENCIN,00-002801500-0034834,SimsPa99CaseJu00HubbSa00,pat-sims-1jurrell-casey-1sam-hubbard-1,Pat SimsJurrell CaseySam Hubbard,0,DTDTDE,DLDLDL,DDD,AuburnUSCOhio St.,66.0,6060.0,0,5,16,134.0,0.0,125.0,362.0,0.0,0.0,0.0,0.0,0.0,0.0,0.0,0.0,0.0,0.0,0.0,712.0,1.0,96.5,logos/CIN.tiflogos/TEN.tiflogos/CIN.tif
81,6031,9,TBHOUDAL,00-002768400-0029641,MillRo99MitcEa99CrawTy00,roy-miller-1earl-mitchell-1tyrone-crawford-1,Roy MillerEarl MitchellTyrone Crawford,0,DTDTDE,DLDLDL,DDD,TexasArizonaBoise St.,66.0,6056.0,0,0,14,96.0,0.0,59.0,361.0,0.0,0.0,0.0,0.0,0.0,0.0,0.0,0.0,0.0,0.0,0.0,452.0,0.0,39.5,logos/TB.tiflogos/HOU.tiflogos/DAL.tif
83,4017,6,CARATL,00-0027686,JohnCh98PeteCo00,charles-johnson-1corey-peters-1,Charles JohnsonCorey Peters,0,DEDT,DLDL,DD,GeorgiaKentucky,43.0,4039.0,0,0,17,96.0,0.0,70.0,307.0,0.0,0.0,0.0,0.0,0.0,0.0,0.0,0.0,0.0,0.0,0.0,442.0,1.0,86.5,logos/CAR.tiflogos/ATL.tif
84,2018,3,LAC,00-0034677,JoneJu03,justin-jones-4,Justin Jones,0,DT,DL,D,North Carolina St.,22.0,2023.0,0,0,4,29.0,0.0,14.0,85.0,0.0,0.0,0.0,0.0,0.0,0.0,0.0,0.0,0.0,0.0,0.0,120.0,0.0,12.0,logos/LAC.tif
85,2007,3,SEA,00-0025472,MebaBr99,brandon-mebane-1,Brandon Mebane,0,DT,DL,D,California,22.0,2019.0,0,0,13,63.0,0.0,50.0,182.0,0.0,0.0,0.0,0.0,0.0,0.0,0.0,0.0,0.0,0.0,0.0,299.0,1.0,18.5,logos/SEA.tif
86,2011,3,KC,00-0028024,BailAl00,allen-bailey-1,Allen Bailey,0,DE,DL,D,Miami (FL),22.0,2020.0,0,0,3,34.0,0.0,30.0,133.0,0.0,0.0,0.0,0.0,0.0,0.0,0.0,0.0,0.0,0.0,0.0,164.0,0.0,22.0,logos/KC.tif
87,2001,3,DEN,0,HaywRe20,0,Reggie Hayward,0,DE,DL,D,Iowa St.,22.0,2009.0,0,0,3,32.0,0.0,13.0,92.0,0.0,0.0,0.0,0.0,0.0,0.0,0.0,0.0,0.0,0.0,0.0,144.0,1.0,39.5,logos/DEN.tif
88,4020,6,NYJMIN,00-0031565,PouhSi20HuntDa01,sione-pouha-1danielle-hunter-1,Sione PouhaDanielle Hunter,0,DTDE,DLDL,DD,UtahLSU,46.0,4035.0,0,4,8,98.0,0.0,98.0,225.0,0.0,0.0,0.0,0.0,0.0,0.0,0.0,0.0,0.0,0.0,0.0,509.0,0.0,92.0,logos/NYJ.tiflogos/MIN.tif
89,4028,6,NOPIT,00-002965700-0033109,HickAk00HargJa00,0,Akiem HicksJavon Hargrave,0,DEDT,DLDL,DD,ReginaSouth Carolina St.,45.0,4045.0,0,3,14,107.0,0.0,35.0,276.0,0.0,0.0,0.0,0.0,0.0,1.0,1.0,1.0,0.0,0.0,0.0,474.0,0.0,86.0,logos/NO.tiflogos/PIT.tif
91,2006,3,CIN,00-0024306,RuckFr99,frostee-rucker-1,Frostee Rucker,0,DE,DL,D,USC,22.0,2018.0,0,0,5,39.0,0.0,10.0,157.0,0.0,0.0,0.0,0.0,0.0,0.0,0.0,0.0,0.0,0.0,0.0,201.0,1.0,21.5,logos/CIN.tif
92,2006,3,DAL,0,HatcJa20,0,Jason Hatcher,0,DE,DL,D,Grambling St.,24.0,2015.0,0,1,5,34.0,0.0,23.0,147.0,0.0,0.0,0.0,0.0,0.0,0.0,0.0,0.0,0.0,0.0,0.0,177.0,1.0,34.5,logos/DAL.tif
93,2015,3,IND,00-0032269,AndeHe00,henry-anderson-1,Henry Anderson,0,DE,DL,D,Stanford,24.0,2022.0,0,0,4,21.0,0.0,8.0,89.0,0.0,0.0,0.0,0.0,0.0,0.0,0.0,0.0,0.0,0.0,0.0,110.0,0.0,11.5,logos/IND.tif
94,2013,3,BAL,00-0030511,WillBr02,0,Brandon Williams,0,DT,DL,D,Missouri Southern,24.0,2022.0,0,1,8,51.0,0.0,51.0,128.0,0.0,0.0,0.0,0.0,0.0,0.0,0.0,0.0,0.0,0.0,0.0,184.0,0.0,7.0,logos/BAL.tif
97,2007,3,SF,0,McDoRa99,ray-mcdonald-1,Ray McDonald,0,DE,DL,D,Florida,22.0,2014.0,0,0,5,35.0,0.0,35.0,115.0,0.0,0.0,0.0,0.0,0.0,0.0,0.0,0.0,0.0,0.0,0.0,156.0,1.0,19.5,logos/SF.tif
98,2004,4,SD,0,PhilSh20,shaun-phillips-1,Shaun Phillips,0,DE,DL,D,Purdue,23.0,2014.0,0,1,8,54.0,0.0,48.0,168.0,0.0,0.0,0.0,0.0,0.0,0.0,0.0,0.0,0.0,0.0,0.0,406.0,7.0,81.5,logos/SD.tif
100,4023,8,MINTB,00-002770100-0030402,GrifEv99SpenAk00,everson-griffen-1akeem-spence-1,Everson GriffenAkeem Spence,0,DEDT,DLDL,DD,USCIllinois,43.0,4043.0,0,4,10,93.0,0.0,79.0,287.0,0.0,0.0,0.0,0.0,0.0,0.0,0.0,0.0,0.0,0.0,0.0,413.0,2.0,96.0,logos/MIN.tiflogos/TB.tif
101,2015,4,NE,00-0031566,FlowTr00,trey-flowers-1,Trey Flowers,0,DE,DL,D,Arkansas,22.0,2022.0,0,0,4,34.0,0.0,24.0,79.0,0.0,0.0,0.0,0.0,0.0,0.0,0.0,0.0,0.0,0.0,0.0,161.0,0.0,31.5,logos/NE.tif
102,2007,4,MIN,00-0025489,RobiBr98,brian-robison-1,Brian Robison,0,DE,DL,D,Texas,24.0,2017.0,0,0,6,46.0,0.0,46.0,173.0,0.0,0.0,0.0,0.0,0.0,0.0,0.0,0.0,0.0,0.0,0.0,207.0,0.0,60.0,logos/MIN.tif
103,6032,12,TENARIARI,00-002624300-002804100-0030503,HayeWi99AchoSa00OkafAl00,sam-acho-1alex-okafor-1,William HayesSam AchoAlex Okafor,0,DEDEDE,DLDLDL,DDD,Winston-Salem St.TexasTexas,68.0,6058.0,0,0,13,91.0,0.0,41.0,353.0,0.0,0.0,0.0,0.0,0.0,0.0,0.0,0.0,0.0,0.0,0.0,571.0,5.0,87.0,logos/TEN.tiflogos/ARI.tiflogos/ARI.tif
104,4006,8,CHISF,0,BrowAl20SopoIs20,alex-brown-1,Alex BrownIsaac Sopoaga,0,DEDT,DLDL,DD,FloridaHawaii,46.0,4023.0,0,0,13,97.0,0.0,89.0,282.0,0.0,0.0,0.0,0.0,0.0,0.0,0.0,0.0,1.0,18.0,0.0,504.0,5.0,54.0,logos/CHI.tiflogos/SF.tif
106,2019,4,OAK,00-0034973,CrosMa00,maxx-crosby-1,Maxx Crosby,0,DE,DL,D,Eastern Michigan,22.0,2023.0,0,3,4,47.0,0.0,47.0,83.0,0.0,0.0,0.0,0.0,0.0,0.0,0.0,0.0,0.0,0.0,0.0,205.0,0.0,52.0,logos/OAK.tif
107,2014,4,OAK,00-0031346,ElliJu01,justin-ellis-1,Justin Ellis,0,DT,DL,D,Louisiana Tech,23.0,2022.0,0,0,3,25.0,0.0,19.0,117.0,0.0,0.0,0.0,0.0,0.0,0.0,0.0,0.0,0.0,0.0,0.0,100.0,0.0,1.5,logos/OAK.tif
108,2007,4,MIA,0,SoliPa99,paul-soliai-1,Paul Soliai,0,DT,DL,D,Utah,23.0,2016.0,0,1,6,41.0,0.0,32.0,138.0,0.0,0.0,0.0,0.0,0.0,0.0,0.0,0.0,0.0,0.0,0.0,159.0,0.0,5.5,logos/MIA.tif
109,2003,4,BAL,0,JohnJa23,0,Jarret Johnson,0,DE,DL,D,Alabama,22.0,2014.0,0,0,9,55.0,0.0,45.0,184.0,0.0,0.0,0.0,0.0,0.0,0.0,0.0,0.0,0.0,0.0,0.0,368.0,3.0,25.5,logos/BAL.tif
112,2014,4,TEN,00-0031054,JoneDa04,daquan-jones-1,DaQuan Jones,0,DT,DL,D,Penn St.,22.0,2023.0,0,0,8,52.0,0.0,35.0,139.0,0.0,0.0,0.0,0.0,0.0,0.0,0.0,0.0,0.0,0.0,0.0,185.0,0.0,14.5,logos/TEN.tif
115,2009,4,DET,0,HillSa99,0,Sammie Lee Hill,0,DT,DL,D,Stillman,22.0,2015.0,0,0,3,21.0,0.0,9.0,97.0,0.0,0.0,0.0,0.0,0.0,0.0,0.0,0.0,0.0,0.0,0.0,101.0,0.0,7.0,logos/DET.tif
116,4018,8,CHIARI,00-0032131,ScotIa20GuntRo00,ian-scott-1,Ian ScottRodney Gunter,0,DTDT,DLDL,DD,FloridaDelaware St.,44.0,4028.0,0,0,6,40.0,0.0,37.0,142.0,0.0,0.0,0.0,0.0,0.0,0.0,0.0,0.0,0.0,0.0,0.0,176.0,1.0,14.0,logos/CHI.tiflogos/ARI.tif
117,2004,4,CIN,0,GeatRo21,robert-geathers-1,Robert Geathers,0,DE,DL,D,Georgia,21.0,2014.0,0,0,7,46.0,0.0,46.0,152.0,0.0,0.0,0.0,0.0,0.0,0.0,0.0,0.0,0.0,0.0,0.0,184.0,3.0,34.0,logos/CIN.tif
120,6026,12,CARCINNO,00-002772000-0033051,McKiAl20AtkiGe99OnyeDa00,geno-atkins-1,Alvin McKinleyGeno AtkinsDavid Onyemata,0,DEDTDT,DLDLDL,DDD,Mississippi St.GeorgiaManitoba,67.0,6050.0,2,8,16,150.0,0.0,122.0,378.0,0.0,0.0,0.0,0.0,0.0,0.0,0.0,0.0,0.0,0.0,0.0,530.0,1.0,114.0,logos/CAR.tiflogos/CIN.tiflogos/NO.tif
121,2008,4,SEA,0,BryaRe99,red-bryant-1,Red Bryant,0,DT,DL,D,Texas A&M,24.0,2015.0,0,0,4,31.0,0.0,26.0,86.0,0.0,0.0,0.0,0.0,0.0,0.0,0.0,0.0,0.0,0.0,0.0,96.0,2.0,4.5,logos/SEA.tif
122,4031,8,BALCIN,00-003157600-0033066,SmitZa00BillAn00,zadarius-smith-1andrew-billings-1,Za'Darius SmithAndrew Billings,0,DENT,DLDL,DD,KentuckyBaylor,43.0,4046.0,0,3,6,78.0,0.0,24.0,207.0,0.0,0.0,0.0,0.0,0.0,0.0,0.0,0.0,0.0,0.0,0.0,277.0,0.0,64.5,logos/BAL.tiflogos/CIN.tif
123,4016,8,CINNO,00-002433800-0027723,PekoDo20WoodAl99,domata-peko-1al-woods-2,Domata PekoAl Woods,0,DTDT,DLDL,DD,Michigan St.LSU,44.0,4043.0,0,0,18,102.0,0.0,60.0,375.0,0.0,0.0,0.0,0.0,0.0,0.0,0.0,0.0,0.0,0.0,0.0,487.0,0.0,30.0,logos/CIN.tiflogos/NO.tif
124,2006,4,NYG,0,CofiBa20,barry-cofield-1,Barry Cofield,0,DT,DL,D,Northwestern,22.0,2015.0,0,0,8,46.0,0.0,30.0,138.0,0.0,0.0,0.0,0.0,0.0,0.0,0.0,0.0,0.0,0.0,0.0,208.0,0.0,19.5,logos/NYG.tif
126,8035,16,KCDENHOUTB,00-0030386,AlleJa22DumeEl20CricJa00GholWi00,elvis-dumervil-1jared-crick-1william-gholston-1,Jared AllenElvis DumervilJared CrickWilliam Gholston,0,DEDEDEDE,DLDLDLDL,DDDD,Idaho St.LouisvilleNebraskaMichigan St.,89.0,8071.0,6,10,28,230.0,0.0,131.0,597.0,0.0,0.0,0.0,0.0,0.0,0.0,0.0,0.0,2.0,3.0,2.0,1138.0,8.0,269.5,logos/KC.tiflogos/DEN.tiflogos/HOU.tiflogos/TB.tif
127,2006,4,MIN,0,EdwaRa21,ray-edwards-1,Ray Edwards,0,DE,DL,D,Purdue,21.0,2012.0,0,0,5,37.0,0.0,28.0,97.0,0.0,0.0,0.0,0.0,0.0,0.0,0.0,0.0,0.0,0.0,0.0,168.0,0.0,33.0,logos/MIN.tif
129,2013,4,BAL,00-0030442,SimoJo01,john-simon-2,John Simon,0,DE,DL,D,Ohio St.,22.0,2021.0,0,0,4,34.0,0.0,1.0,100.0,0.0,0.0,0.0,0.0,0.0,0.0,0.0,0.0,0.0,0.0,0.0,184.0,2.0,21.0,logos/BAL.tif
132,4017,8,DALGB,00-0029284,CantCh21DaniMi00,mike-daniels-2,Chris CantyMike Daniels,0,DEDT,DLDL,DD,VirginiaIowa,45.0,4036.0,0,1,15,87.0,0.0,56.0,272.0,0.0,0.0,0.0,0.0,0.0,0.0,0.0,0.0,0.0,0.0,0.0,406.0,1.0,52.5,logos/DAL.tiflogos/GB.tif
134,2006,5,BUF,00-0024348,WillKy20,kyle-williams-4,Kyle Williams,0,DT,DL,D,LSU,23.0,2018.0,0,6,11,79.0,0.0,79.0,183.0,0.0,0.0,0.0,0.0,0.0,1.0,1.0,1.0,1.0,9.0,0.0,387.0,1.0,48.5,logos/BUF.tif
135,4010,10,ARINO,0,SmitAn22NinkRo20,rob-ninkovich-1,Antonio SmithRob Ninkovich,0,DEDE,DLDL,DD,Oklahoma St.Purdue,44.0,4032.0,0,1,15,107.0,0.0,14.0,317.0,0.0,0.0,0.0,0.0,0.0,0.0,0.0,0.0,0.0,0.0,0.0,520.0,5.0,93.5,logos/ARI.tiflogos/NO.tif
137,6043,14,DENATLGB,00-002956800-003158300-0032412,JackMa02JarrGr00LowrDe00,malik-jackson-2grady-jarrett-1dean-lowry-1,Malik JacksonGrady JarrettDean Lowry,0,DTNTDE,DLDLDL,DDD,TennesseeClemsonNorthwestern,66.0,6067.0,0,3,18,133.0,0.0,100.0,397.0,0.0,0.0,0.0,0.0,0.0,0.0,0.0,0.0,0.0,0.0,0.0,586.0,1.0,85.0,logos/DEN.tiflogos/ATL.tiflogos/GB.tif
138,2003,5,IND,0,MathRo20,0,Robert Mathis,0,DE,DL,D,Alabama A&M,22.0,2016.0,1,5,9,67.0,0.0,67.0,192.0,0.0,0.0,0.0,0.0,0.0,0.0,0.0,0.0,0.0,0.0,0.0,408.0,1.0,123.0,logos/IND.tif
139,4002,10,STLBUF,0,YounBr20BannJu20,brian-young-1justin-bannan-1,Brian YoungJustin Bannan,0,DTDT,DLDL,DD,Texas-El PasoColorado,46.0,4021.0,0,0,10,75.0,0.0,23.0,286.0,0.0,0.0,0.0,0.0,0.0,0.0,0.0,0.0,0.0,0.0,0.0,450.0,2.0,29.0,logos/STL.tiflogos/BUF.tif
140,2006,5,SF,0,HaraPa20,parys-haralson-1,Parys Haralson,0,DE,DL,D,Tennessee,22.0,2014.0,0,0,7,38.0,0.0,31.0,118.0,0.0,0.0,0.0,0.0,0.0,0.0,0.0,0.0,0.0,0.0,0.0,190.0,0.0,28.0,logos/SF.tif
144,2017,4,IND,00-0033952,StewGr00,0,Grover Stewart,0,DT,DL,D,Albany State (GA),23.0,2023.0,0,0,4,31.0,0.0,31.0,107.0,0.0,0.0,0.0,0.0,0.0,0.0,0.0,0.0,0.0,0.0,0.0,164.0,0.0,9.0,logos/IND.tif
145,2018,5,CHI,00-0034387,NichBi00,0,Bilal Nichols,0,DT,DL,D,Delaware,21.0,2023.0,0,0,4,36.0,0.0,22.0,94.0,0.0,0.0,0.0,0.0,0.0,0.0,0.0,0.0,0.0,0.0,0.0,118.0,1.0,14.0,logos/CHI.tif
146,8026,20,SEABALPHIBAL,00-0032415,BernRo20FranAu20ColeTr20JudoMa00,trent-cole-1,Rocky BernardAubrayo FranklinTrent ColeMatt Judon,0,DTDTDEDE,DLDLDLDL,DDDD,Texas A&MTennesseeCincinnatiGrand Valley St.,92.0,8064.0,0,6,25,201.0,0.0,127.0,592.0,0.0,0.0,0.0,0.0,0.0,0.0,0.0,0.0,0.0,0.0,0.0,1183.0,2.0,194.0,logos/SEA.tiflogos/BAL.tiflogos/PHI.tiflogos/BAL.tif
147,4018,10,OAKSEA,00-0032416,ColeKe20JeffQu00,quinton-jefferson-1,Kenyon ColemanQuinton Jefferson,0,DEDT,DLDL,DD,UCLAMaryland,46.0,4035.0,0,0,8,66.0,0.0,12.0,244.0,0.0,0.0,0.0,0.0,0.0,0.0,0.0,0.0,0.0,0.0,0.0,371.0,0.0,40.0,logos/OAK.tiflogos/SEA.tif
149,2000,5,GB,0,GbajKa20,0,Kabeer Gbaja-Biamila,0,DE,DL,D,San Diego St.,22.0,2008.0,0,1,5,43.0,0.0,43.0,124.0,0.0,0.0,0.0,0.0,0.0,0.0,0.0,0.0,0.0,0.0,0.0,225.0,1.0,74.5,logos/GB.tif
152,6031,15,TENMINWAS,0,JohnAn03GuioLe99IoanMa01,antonio-johnson-3letroy-guion-1matt-ioannidis-1,Antonio JohnsonLetroy GuionMatthew Ioannidis,0,DTDTDT,DLDLDL,DDD,Mississippi St.Florida St.Temple,65.0,6051.0,0,0,10,74.0,0.0,35.0,281.0,0.0,0.0,0.0,0.0,0.0,0.0,0.0,0.0,0.0,0.0,0.0,326.0,0.0,38.5,logos/TEN.tiflogos/MIN.tiflogos/WAS.tif
154,2015,5,NO,00-0031947,DaviTy01,tyeler-davison-1,Tyeler Davison,0,DT,DL,D,Fresno St.,23.0,2022.0,0,0,6,31.0,0.0,16.0,111.0,0.0,0.0,0.0,0.0,0.0,0.0,0.0,0.0,0.0,0.0,0.0,101.0,0.0,5.0,logos/NO.tif
156,2002,5,GB,0,KampAa99,aaron-kampman-1,Aaron Kampman,0,DE,DL,D,Iowa,22.0,2011.0,0,2,7,55.0,0.0,54.0,123.0,0.0,0.0,0.0,0.0,0.0,0.0,0.0,0.0,0.0,0.0,0.0,338.0,0.0,58.0,logos/GB.tif
158,2012,5,OAK,00-0029627,CrawJa00,jack-crawford-1,Jack Crawford,0,DE,DL,D,Penn St.,24.0,2020.0,0,0,3,18.0,0.0,1.0,109.0,0.0,0.0,0.0,0.0,0.0,0.0,0.0,0.0,0.0,0.0,0.0,91.0,1.0,18.0,logos/OAK.tif
165,2011,5,BAL,00-0028103,McPhPe00,pernell-mcphee-1,Pernell McPhee,0,DE,DL,D,Mississippi St.,22.0,2021.0,0,0,3,28.0,0.0,18.0,141.0,0.0,0.0,0.0,0.0,0.0,0.0,0.0,0.0,0.0,0.0,0.0,201.0,1.0,38.0,logos/BAL.tif
166,2016,5,HOU,00-0032424,ReadD.00,dj-reader-1,D.J. Reader,0,NT,DL,D,Clemson,22.0,2023.0,0,0,4,39.0,0.0,21.0,105.0,0.0,0.0,0.0,0.0,0.0,0.0,0.0,0.0,0.0,0.0,0.0,149.0,0.0,9.5,logos/HOU.tif
167,2008,6,DAL,00-0026307,WaldEr99,0,Erik Walden,0,DE,DL,D,Middle Tenn. St.,23.0,2017.0,0,0,6,37.0,0.0,0.0,145.0,0.0,0.0,0.0,0.0,0.0,0.0,0.0,0.0,0.0,0.0,0.0,244.0,2.0,35.0,logos/DAL.tif
174,2014,5,NYG,00-0031241,KennDe00,devon-kennard-1,Devon Kennard,0,DE,DL,D,USC,23.0,2022.0,0,0,5,33.0,0.0,13.0,118.0,0.0,0.0,0.0,0.0,0.0,0.0,0.0,0.0,0.0,0.0,0.0,247.0,1.0,26.5,logos/NYG.tif
175,2010,6,CAR,0,HardGr99,greg-hardy-2,Greg Hardy,0,DE,DL,D,Mississippi,22.0,2015.0,0,1,4,33.0,0.0,27.0,75.0,0.0,0.0,0.0,0.0,0.0,0.0,0.0,0.0,0.0,0.0,0.0,167.0,1.0,40.0,logos/CAR.tif
178,2017,5,MIA,00-0033860,GodcDa00,davon-gaudchaux-1,Davon Godchaux,0,DT,DL,D,LSU,22.0,2023.0,0,0,4,40.0,0.0,13.0,103.0,0.0,0.0,0.0,0.0,0.0,0.0,0.0,0.0,0.0,0.0,0.0,181.0,0.0,5.5,logos/MIA.tif
179,2004,6,GB,0,WillCo21,0,Corey Williams,0,DT,DL,D,Arkansas St.,24.0,2012.0,0,0,5,33.0,0.0,11.0,126.0,0.0,0.0,0.0,0.0,0.0,0.0,0.0,0.0,0.0,0.0,0.0,200.0,2.0,27.5,logos/GB.tif
181,2008,6,CAR,0,HaydNi99,nick-hayden-1,Nick Hayden,0,DT,DL,D,Wisconsin,22.0,2015.0,0,0,4,25.0,0.0,7.0,76.0,0.0,0.0,0.0,0.0,0.0,0.0,0.0,0.0,0.0,0.0,0.0,114.0,0.0,2.0,logos/CAR.tif
183,2006,6,GB,0,JollJo20,johnny-jolly-1,Johnny Jolly,0,DT,DL,D,Texas A&M,23.0,2013.0,0,0,3,21.0,0.0,21.0,61.0,0.0,0.0,0.0,0.0,0.0,0.0,0.0,0.0,0.0,0.0,0.0,89.0,1.0,3.0,logos/GB.tif
189,2005,6,CAR,0,HayeJo20,jovan-haye-1,Jovan Haye,0,DE,DL,D,Vanderbilt,23.0,2011.0,0,0,3,25.0,0.0,0.0,73.0,0.0,0.0,0.0,0.0,0.0,0.0,0.0,0.0,0.0,0.0,0.0,128.0,0.0,6.5,logos/CAR.tif
190,2008,6,CLE,00-0026330,RubiAh99,ahtyba-rubin-1,Ahtyba Rubin,0,DT,DL,D,Iowa St.,22.0,2017.0,0,0,7,47.0,0.0,32.0,144.0,0.0,0.0,0.0,0.0,0.0,0.0,0.0,0.0,0.0,0.0,0.0,264.0,2.0,15.0,logos/CLE.tif
191,2006,6,NE,0,MincJe99,jeremy-mincey-1,Jeremy Mincey,0,DE,DL,D,Florida,22.0,2015.0,0,0,4,29.0,0.0,0.0,96.0,0.0,0.0,0.0,0.0,0.0,0.0,0.0,0.0,0.0,0.0,0.0,152.0,1.0,26.0,logos/NE.tif
196,2006,6,WAS,0,GolsKe20,kedric-golston-1,Kedric Golston,0,DT,DL,D,Georgia,23.0,2016.0,0,0,4,27.0,0.0,27.0,142.0,0.0,0.0,0.0,0.0,0.0,0.0,0.0,0.0,0.0,0.0,0.0,137.0,0.0,7.0,logos/WAS.tif
197,2000,6,TEN,0,SmitRo21,robaire-smith-1,Robaire Smith,0,DE,DL,D,Michigan St.,22.0,2010.0,0,0,6,39.0,0.0,14.0,134.0,0.0,0.0,0.0,0.0,0.0,0.0,0.0,0.0,0.0,0.0,0.0,265.0,0.0,21.0,logos/TEN.tif
198,2017,6,SF,00-0033297,JoneD.01,dj-jones-4,D.J. Jones,0,DT,DL,D,Mississippi,22.0,2023.0,0,0,4,34.0,0.0,22.0,92.0,0.0,0.0,0.0,0.0,0.0,0.0,0.0,0.0,0.0,0.0,0.0,144.0,0.0,11.0,logos/SF.tif
211,2011,7,SF,00-0028149,MillBr02,bruce-miller-1,Bruce Miller,0,DE,DL,D,Central Florida,24.0,2020.0,0,0,5,7.0,0.0,7.0,85.0,0.0,0.0,0.0,0.0,0.0,28.0,62.0,1.0,77.0,736.0,3.0,27.0,0.0,0.0,logos/SF.tif
216,2005,7,MIA,0,VickKe99,0,Kevin Vickerson,0,DT,DL,D,Michigan St.,22.0,2014.0,0,0,3,21.0,0.0,0.0,86.0,0.0,0.0,0.0,0.0,0.0,0.0,0.0,0.0,0.0,0.0,0.0,120.0,1.0,6.5,logos/MIA.tif
217,2015,6,KC,00-0031957,NuneRa00,rakeem-nunez-roches-1,Rakeem Nunez-Roches,0,DT,DL,D,Southern Miss,22.0,2023.0,0,0,3,24.0,0.0,8.0,118.0,0.0,0.0,0.0,0.0,0.0,0.0,0.0,0.0,0.0,0.0,0.0,83.0,0.0,4.0,logos/KC.tif
220,2014,7,MIN,00-0031242,StepSh00,shamar-stephen-1,Shamar Stephen,0,DT,DL,D,Connecticut,23.0,2021.0,0,0,4,32.0,0.0,25.0,115.0,0.0,0.0,0.0,0.0,0.0,0.0,0.0,0.0,0.0,0.0,0.0,99.0,0.0,4.5,logos/MIN.tif
224,2005,7,DAL,0,RatlJa20,jay-ratliff-1,Jay Ratliff,0,DE,DL,D,Auburn,24.0,2015.0,1,4,7,55.0,0.0,51.0,122.0,0.0,0.0,0.0,0.0,0.0,0.0,0.0,0.0,0.0,0.0,0.0,195.0,0.0,35.0,logos/DAL.tif
225,2012,7,SEA,00-0029146,SweeJ.00,jr-sweezy-1,J.R. Sweezy,0,DT,DL,D,North Carolina St.,23.0,2020.0,0,0,7,47.0,0.0,32.0,117.0,0.0,0.0,0.0,0.0,0.0,0.0,0.0,0.0,0.0,0.0,0.0,0.0,0.0,0.0,logos/SEA.tif
233,2011,7,GB,00-0028171,GuyxLa00,lawrence-guy-1,Lawrence Guy,0,DT,DL,D,Arizona St.,21.0,2023.0,0,0,6,62.0,0.0,0.0,177.0,0.0,0.0,0.0,0.0,0.0,0.0,0.0,0.0,0.0,0.0,0.0,271.0,1.0,17.0,logos/GB.tif
235,2014,7,OAK,00-0031270,HarrSh00,0,Shelby Harris,0,DE,DL,D,Illinois St.,23.0,2023.0,0,0,4,36.0,0.0,1.0,115.0,0.0,0.0,0.0,0.0,0.0,0.0,0.0,0.0,0.0,0.0,0.0,168.0,1.0,26.0,logos/OAK.tif
238,2002,7,PHI,0,BrocRa20,raheem-brock-1,Raheem Brock,0,DE,DL,D,Temple,24.0,2011.0,0,0,6,43.0,0.0,0.0,152.0,0.0,0.0,0.0,0.0,0.0,0.0,0.0,0.0,0.0,0.0,0.0,269.0,0.0,40.5,logos/PHI.tif
241,2000,7,JAX,0,MeieRo20,0,Rob Meier,0,DE,DL,D,Washington St.,23.0,2008.0,0,0,3,30.0,0.0,30.0,138.0,0.0,0.0,0.0,0.0,0.0,0.0,0.0,0.0,0.0,0.0,0.0,187.0,0.0,21.5,logos/JAX.tif
242,2002,7,PIT,0,KeisBr20,0,Brett Keisel,0,DE,DL,D,BYU,23.0,2014.0,0,1,8,58.0,0.0,58.0,156.0,0.0,0.0,0.0,0.0,0.0,0.0,0.0,0.0,0.0,0.0,0.0,253.0,2.0,30.0,logos/PIT.tif
244,2009,7,SF,00-0026502,JeanRi99,ricky-jean-francois-1,Ricky Jean-Francois,0,DT,DL,D,LSU,22.0,2018.0,0,0,4,23.0,0.0,5.0,137.0,0.0,0.0,0.0,0.0,0.0,0.0,0.0,0.0,0.0,0.0,0.0,116.0,0.0,14.0,logos/SF.tif
